{
  "rmse_gnn_pos": 1.94093918800354,
  "rmse_gnn_full": 2.504728078842163,
  "mean_w_s1": 0.1523662954568863,
  "mean_w_s2": 0.18501311540603638,
  "mean_w_s3": 0.34751495718955994,
  "mean_w_s4": 0.3151056170463562,
  "mean_gate": 0.6381938457489014,
  "std_gate": 0.2192806601524353,
  "mean_gate_valid_only": 0.6381938457489014,
  "mean_g_s1": 0.6524742841720581,
  "mean_g_s2": 0.6506218910217285,
  "mean_g_s3": 0.6573120355606079,
  "mean_g_s4": 0.5923671722412109,
  "mean_cov_scale": 4.5543012619018555,
  "std_cov_scale": 1.582703709602356,
  "mean_cov_scale_s1": 4.554266929626465,
  "mean_cov_scale_s2": 4.560791015625,
  "mean_cov_scale_s3": 4.5453901290893555,
  "mean_cov_scale_s4": 4.556756019592285,
  "mean_gate_fault": 0.20301014184951782,
  "mean_gate_normal": 0.6778278946876526,
  "mean_weight_fault": 0.10485595464706421,
  "mean_weight_normal": 0.26321887969970703,
  "mean_cov_scale_fault": 4.964324951171875,
  "mean_cov_scale_normal": 4.516958236694336,
  "gate_separation_normal_minus_fault": 0.47481775283813477,
  "weight_separation_normal_minus_fault": 0.15836292505264282,
  "cov_scale_fault_to_normal_ratio": 1.09904158750977,
  "fault_window_t0": 30.0,
  "fault_window_t1": 70.0,
  "fault_window_steps": 401,
  "pre_fault_mean_gate": 0.7489218711853027,
  "pre_fault_mean_weight": 0.25,
  "pre_fault_mean_cov_scale": 2.1390655040740967,
  "fault_window_mean_gate": 0.20301014184951782,
  "fault_window_mean_weight": 0.10485595464706421,
  "fault_window_mean_cov_scale": 4.964324951171875,
  "post_fault_mean_gate": 0.7987448573112488,
  "post_fault_mean_weight": 0.25,
  "post_fault_mean_cov_scale": 5.689050674438477,
  "fault_top1_weight_rate": 0.09476309226932668,
  "fault_weight_below_equal_rate": 0.8778054862842892,
  "fault_weight_below_010_rate": 0.8204488778054863
}