{
  "best_val_loss": 1.4628928528340235,
  "test_loss": 1.3320315926200048,
  "best_epoch": 1.0,
  "test_loss_pos": 1.0994886781055664,
  "test_loss_vel": 1.1627145657456983
}