{
  "best_val_loss": 1.4808196838650478,
  "test_loss": 1.3293215934680365,
  "best_epoch": 1.0,
  "test_loss_pos": 1.0969906807739869,
  "test_loss_vel": 1.1616545414894843
}