{
  "best_val_loss": 1.3970832559488695,
  "test_loss": 11.744973218294604,
  "best_epoch": 36.0,
  "test_loss_pos": 11.513095299434305,
  "test_loss_vel": 1.1593891114368724
}