{
  "best_val_loss": 1.4980159523485106,
  "test_loss": 4.954802556198205,
  "best_epoch": 32.0,
  "test_loss_pos": 4.7221549386436195,
  "test_loss_vel": 1.1632382475193295
}