{
  "rmse_s1": 3.3527035800891087,
  "rmse_s2": 5.353723061366982,
  "rmse_s3": 2.020176140016253,
  "rmse_s4": 1.7642763484413377,
  "rmse_avg": 2.712238882108703,
  "rmse_ci_chain": 1.8435365879010264,
  "rmse_ci_multi": 1.84382177961291,
  "rmse_best_single": 1.7642763484413377
}