{
  "rmse_gnn_pos": 1.5748255252838135,
  "rmse_gnn_full": 2.1856861114501953,
  "mean_w_s1": 0.09277691692113876,
  "mean_w_s2": 0.12400783598423004,
  "mean_w_s3": 0.18208445608615875,
  "mean_w_s4": 0.6011308431625366,
  "mean_gate": 0.6439247727394104,
  "std_gate": 0.22649915516376495,
  "mean_gate_valid_only": 0.6439247727394104,
  "mean_g_s1": 0.6615130305290222,
  "mean_g_s2": 0.7018199563026428,
  "mean_g_s3": 0.5747030973434448,
  "mean_g_s4": 0.6376627683639526
}