{
  "best_val_loss": 1.4539542533078857,
  "test_loss": 13.300064487287544,
  "best_epoch": 35.0,
  "test_loss_pos": 13.071491877467905,
  "test_loss_vel": 1.1428624906508154
}