{
  "rmse_s1": 4.465916644288904,
  "rmse_s2": 5.294858654204245,
  "rmse_s3": 2.0953137491925085,
  "rmse_s4": 1.8140056698859928,
  "rmse_avg": 2.738913420127075,
  "rmse_ci_chain": 1.6700384264010022,
  "rmse_ci_multi": 1.6700030364319587,
  "rmse_best_single": 1.8140056698859928
}