{
  "rmse_gnn_pos": 1.4796775579452515,
  "rmse_gnn_full": 2.115915060043335,
  "mean_w_s1": 0.08830612897872925,
  "mean_w_s2": 0.09902723133563995,
  "mean_w_s3": 0.26145124435424805,
  "mean_w_s4": 0.5512154698371887,
  "mean_gate": 0.7468511462211609,
  "std_gate": 0.029438385739922523,
  "mean_gate_valid_only": 0.7468511462211609,
  "mean_g_s1": 0.7429222464561462,
  "mean_g_s2": 0.7651148438453674,
  "mean_g_s3": 0.7242329716682434,
  "mean_g_s4": 0.7551343441009521,
  "mean_cov_scale": 2.1993589401245117,
  "std_cov_scale": 2.97350811958313,
  "mean_cov_scale_s1": 2.5687336921691895,
  "mean_cov_scale_s2": 3.9002223014831543,
  "mean_cov_scale_s3": 1.1814171075820923,
  "mean_cov_scale_s4": 1.14706289768219,
  "mean_gate_fault": 0.7710246443748474,
  "mean_gate_normal": 0.7446495294570923,
  "mean_weight_fault": 0.012883319519460201,
  "mean_weight_normal": 0.27159520983695984,
  "mean_cov_scale_fault": 4.262427806854248,
  "mean_cov_scale_normal": 2.0114665031433105
}